{
  "text": " דאטה עינו",
  "segments": [
    {
      "id": 0,
      "seek": 0,
      "start": 0.0,
      "end": 1.8,
      "text": " דאטה עינו",
      "tokens": [
        50364,
        17433,
        6106,
        246,
        2225,
        7535,
        39795,
        51164
      ],
      "temperature": 0.0,
      "avg_logprob": -0.9203813340928819,
      "compression_ratio": 0.6071428571428571,
      "no_speech_prob": 0.37764883041381836,
      "words": [
        {
          "word": " דאטה",
          "start": 0.0,
          "end": 1.06,
          "probability": 0.46358760446310043
        },
        {
          "word": " עינו",
          "start": 1.06,
          "end": 1.8,
          "probability": 0.4041261821985245
        }
      ]
    }
  ],
  "language": "he"
}